Frame,Hand,Landmark,X,Y,Z
2590,0,0,0.9873873591423035,0.37285900115966797,-1.2506758650943084e-07
2590,0,1,0.9322980642318726,0.3975422978401184,-0.05411884933710098
2590,0,2,0.8730314373970032,0.36971086263656616,-0.08287324011325836
2590,0,3,0.8316164612770081,0.31491124629974365,-0.10231118649244308
2590,0,4,0.8000001311302185,0.25754645466804504,-0.11832927912473679
2590,0,5,0.9461827278137207,0.24699991941452026,-0.06938337534666061
2590,0,6,0.9108362197875977,0.16492696106433868,-0.1000654324889183
2590,0,7,0.8735610246658325,0.12391889840364456,-0.12173691391944885
2590,0,8,0.8437957763671875,0.10163958370685577,-0.13526296615600586
2590,0,9,0.9680361747741699,0.21296347677707672,-0.05355062335729599
2590,0,10,0.9312599897384644,0.13336637616157532,-0.0786808505654335
2590,0,11,0.8938159942626953,0.09703656286001205,-0.0915348082780838
2590,0,12,0.8641173839569092,0.07575680315494537,-0.10047601163387299
2590,0,13,0.9792172908782959,0.19505956768989563,-0.04178858548402786
2590,0,14,0.9462518692016602,0.1215924397110939,-0.06402681022882462
2590,0,15,0.9115570783615112,0.09112432599067688,-0.0709337666630745
2590,0,16,0.8820250034332275,0.07232674956321716,-0.0743546336889267
2590,0,17,0.9817960262298584,0.18989603221416473,-0.03429405018687248
2590,0,18,0.9582787752151489,0.12688693404197693,-0.05544866994023323
2590,0,19,0.9329342246055603,0.09609335660934448,-0.06320199370384216
2590,0,20,0.9097586870193481,0.07685276120901108,-0.06591629236936569
2660,0,0,0.7233996987342834,0.05555906146764755,1.2544655092483481e-08
2660,0,1,0.7198548913002014,0.10752313584089279,-0.015053805895149708
2660,0,2,0.7224286794662476,0.15330597758293152,-0.030041076242923737
2660,0,3,0.7187868356704712,0.1808348447084427,-0.04598572850227356
2660,0,4,0.7163692116737366,0.19981089234352112,-0.06175387278199196
2660,0,5,0.7969249486923218,0.1714341640472412,-0.027605585753917694
2660,0,6,0.8155627250671387,0.22849923372268677,-0.05021655559539795
2660,0,7,0.8033599853515625,0.26192325353622437,-0.06442630290985107
2660,0,8,0.7820935845375061,0.2810336649417877,-0.07038670778274536
2660,0,9,0.8111258149147034,0.13586711883544922,-0.027505896985530853
2660,0,10,0.7813944816589355,0.15068820118904114,-0.04790708050131798
2660,0,11,0.7446097731590271,0.14841030538082123,-0.05455635115504265
2660,0,12,0.714972972869873,0.1448173075914383,-0.05569389835000038
2660,0,13,0.808860719203949,0.09713578224182129,-0.028863737359642982
2660,0,14,0.7634264230728149,0.11116600781679153,-0.05032241716980934
2660,0,15,0.7264643907546997,0.11964652687311172,-0.051852911710739136
2660,0,16,0.6978452205657959,0.12293009459972382,-0.04700573906302452
2660,0,17,0.7994464039802551,0.06353502720594406,-0.03114740177989006
2660,0,18,0.7674866914749146,0.08254839479923248,-0.04525163397192955
2660,0,19,0.7407633662223816,0.09544480592012405,-0.04328816384077072
2660,0,20,0.7201243042945862,0.10181525349617004,-0.03632653132081032
3020,0,0,0.5999387502670288,0.08031737804412842,-1.007035052680294e-06
3020,0,1,0.6657818555831909,0.09099221229553223,-0.06314506381750107
3020,0,2,0.7009984254837036,0.15586473047733307,-0.09281986951828003
3020,0,3,0.6431875824928284,0.20674219727516174,-0.11412420123815536
3020,0,4,0.565618097782135,0.2170553207397461,-0.13002803921699524
3020,0,5,0.6561386585235596,0.32048794627189636,-0.07149745523929596
3020,0,6,0.5960060954093933,0.34192991256713867,-0.12127052992582321
3020,0,7,0.5909241437911987,0.256109356880188,-0.1476135551929474
3020,0,8,0.6061574816703796,0.19854328036308289,-0.16094711422920227
3020,0,9,0.594805896282196,0.3242191970348358,-0.06107671186327934
3020,0,10,0.5358030200004578,0.31397464871406555,-0.11347710341215134
3020,0,11,0.546299397945404,0.2142878770828247,-0.1260247528553009
3020,0,12,0.5757591724395752,0.170089989900589,-0.12623724341392517
3020,0,13,0.5434389710426331,0.30088549852371216,-0.05810323730111122
3020,0,14,0.4952762722969055,0.2802109122276306,-0.11078304797410965
3020,0,15,0.5115363001823425,0.19215254485607147,-0.11538370698690414
3020,0,16,0.5456422567367554,0.15577684342861176,-0.10714048892259598
3020,0,17,0.5047871470451355,0.2616693675518036,-0.060030803084373474
3020,0,18,0.46998345851898193,0.2435750812292099,-0.09895874559879303
3020,0,19,0.4869506359100342,0.18250341713428497,-0.1032181829214096
3020,0,20,0.5189953446388245,0.14860855042934418,-0.09814492613077164
3630,0,0,0.5308817625045776,0.16480565071105957,4.126772523704858e-07
3630,0,1,0.5300222039222717,0.12837980687618256,-0.048277921974658966
3630,0,2,0.49376925826072693,0.093989297747612,-0.0670546218752861
3630,0,3,0.4435462951660156,0.06461502611637115,-0.07533349096775055
3630,0,4,0.39612093567848206,0.043043069541454315,-0.07999152690172195
3630,0,5,0.43466293811798096,0.17434972524642944,-0.05546368658542633
3630,0,6,0.36578238010406494,0.12084628641605377,-0.0736294686794281
3630,0,7,0.34658581018447876,0.07608888298273087,-0.08187651634216309
3630,0,8,0.3406461477279663,0.04271888732910156,-0.08482273668050766
3630,0,9,0.4249964952468872,0.1727631688117981,-0.033296532928943634
3630,0,10,0.36221688985824585,0.11850853264331818,-0.049752913415431976
3630,0,11,0.3492259383201599,0.07151125371456146,-0.056577056646347046
3630,0,12,0.34780099987983704,0.03510062396526337,-0.05978885293006897
3630,0,13,0.4225247800350189,0.15968894958496094,-0.01411389745771885
3630,0,14,0.369002103805542,0.11141237616539001,-0.028471950441598892
3630,0,15,0.3562719225883484,0.07200317084789276,-0.03511226177215576
3630,0,16,0.3520638346672058,0.039550505578517914,-0.03813192620873451
3630,0,17,0.42173439264297485,0.14390243589878082,0.0018993401899933815
3630,0,18,0.37842074036598206,0.10748911648988724,-0.010542687028646469
3630,0,19,0.3629358410835266,0.0745207890868187,-0.017915021628141403
3630,0,20,0.3552814722061157,0.04587205499410629,-0.021265795454382896
3650,0,0,0.6951473355293274,0.16790413856506348,5.546821739699226e-07
3650,0,1,0.6914193630218506,0.12779441475868225,-0.05090047046542168
3650,0,2,0.6557905077934265,0.07986964285373688,-0.0677521824836731
3650,0,3,0.6178687810897827,0.034305572509765625,-0.07397006452083588
3650,0,4,0.5818337202072144,-0.001479901373386383,-0.07684756815433502
3650,0,5,0.5781555771827698,0.12081991136074066,-0.042345400899648666
3650,0,6,0.5350629091262817,0.057677723467350006,-0.05789375677704811
3650,0,7,0.5193571448326111,0.008334435522556305,-0.07000190764665604
3650,0,8,0.5127352476119995,-0.029710888862609863,-0.07684148848056793
3650,0,9,0.5748018026351929,0.11430325359106064,-0.018814343959093094
3650,0,10,0.5403765439987183,0.05327921360731125,-0.03289857134222984
3650,0,11,0.5276229381561279,0.003611363470554352,-0.04483065754175186
3650,0,12,0.522278904914856,-0.04012337327003479,-0.05228646844625473
3650,0,13,0.5804870128631592,0.10031362622976303,0.0009426783071830869
3650,0,14,0.5500086545944214,0.04382520169019699,-0.013265702873468399
3650,0,15,0.5370160341262817,-0.0008417665958404541,-0.023612767457962036
3650,0,16,0.5297841429710388,-0.04313264787197113,-0.029280148446559906
3650,0,17,0.5888745188713074,0.08738674223423004,0.01693415269255638
3650,0,18,0.5627449154853821,0.04139043390750885,0.0030272253789007664
3650,0,19,0.5505046844482422,0.0062292590737342834,-0.005183238070458174
3650,0,20,0.5433545708656311,-0.02767060697078705,-0.00854644738137722
3660,0,0,0.6874296069145203,0.0999658852815628,4.954754899699765e-07
3660,0,1,0.6752240061759949,0.06836074590682983,-0.03690853342413902
3660,0,2,0.6356924176216125,0.02705104649066925,-0.04754563793540001
3660,0,3,0.5983981490135193,-0.012730412185192108,-0.050969406962394714
3660,0,4,0.5669935941696167,-0.04092976450920105,-0.051495060324668884
3660,0,5,0.5682440400123596,0.06095379590988159,-0.022242670878767967
3660,0,6,0.5247918963432312,0.015390872955322266,-0.029241157695651054
3660,0,7,0.5068646669387817,-0.021412916481494904,-0.03531540185213089
3660,0,8,0.4977125823497772,-0.049403563141822815,-0.03832016512751579
3660,0,9,0.5642998814582825,0.06741860508918762,-0.004158413968980312
3660,0,10,0.5255728960037231,0.022354528307914734,-0.0089120427146554
3660,0,11,0.5132573843002319,-0.014976367354393005,-0.014417403377592564
3660,0,12,0.5054863691329956,-0.04995478689670563,-0.017696844413876534
3660,0,13,0.5658284425735474,0.06421959400177002,0.010836709290742874
3660,0,14,0.5302603840827942,0.024274729192256927,0.006652835290879011
3660,0,15,0.517358660697937,-0.009225934743881226,0.0035433650482445955
3660,0,16,0.5088406205177307,-0.0408644825220108,0.001795409363694489
3660,0,17,0.5696139335632324,0.05783974751830101,0.02256743051111698
3660,0,18,0.53621906042099,0.025490086525678635,0.019117163494229317
3660,0,19,0.5225425958633423,-0.0037052854895591736,0.018116679042577744
3660,0,20,0.5149892568588257,-0.031422898173332214,0.018884046003222466
4330,0,0,0.8354268074035645,0.13219311833381653,1.7134436802734854e-07
4330,0,1,0.7838919162750244,0.1082211434841156,-0.011990840546786785
4330,0,2,0.7303479909896851,0.12081951647996902,-0.02118290774524212
4330,0,3,0.6924135684967041,0.1333257555961609,-0.029684610664844513
4330,0,4,0.6641473770141602,0.14175152778625488,-0.03521118313074112
4330,0,5,0.699283242225647,0.2138584852218628,-0.022005755454301834
4330,0,6,0.6399402618408203,0.15679165720939636,-0.04075707867741585
4330,0,7,0.6426904797554016,0.10219064354896545,-0.05212441086769104
4330,0,8,0.662137508392334,0.07367125153541565,-0.0560213066637516
4330,0,9,0.7055124640464783,0.228901207447052,-0.02108249068260193
4330,0,10,0.6470673084259033,0.1708657592535019,-0.03353356570005417
4330,0,11,0.6504600644111633,0.11586391925811768,-0.037285059690475464
4330,0,12,0.6703459024429321,0.08857281506061554,-0.03907249495387077
4330,0,13,0.7151300311088562,0.2283044457435608,-0.02140810154378414
4330,0,14,0.6573491096496582,0.1690322756767273,-0.028992509469389915
4330,0,15,0.6617977619171143,0.122105173766613,-0.025528529658913612
4330,0,16,0.6808285117149353,0.10078597813844681,-0.02241639234125614
4330,0,17,0.7267972826957703,0.21671746671199799,-0.02285575494170189
4330,0,18,0.6785222887992859,0.16884444653987885,-0.025903217494487762
4330,0,19,0.6753650307655334,0.12943029403686523,-0.020243072882294655
4330,0,20,0.687972366809845,0.11011206358671188,-0.014607428573071957
4340,0,0,0.7966215014457703,0.08877217024564743,2.2352593020968925e-07
4340,0,1,0.7443051934242249,0.07101760804653168,0.0014994520461186767
4340,0,2,0.6844785213470459,0.07148116827011108,0.00041495508048683405
4340,0,3,0.640220046043396,0.06667089462280273,-0.0025019131135195494
4340,0,4,0.6060986518859863,0.06335988640785217,-0.00533227389678359
4340,0,5,0.662403404712677,0.12774154543876648,-0.003006589598953724
4340,0,6,0.6055418252944946,0.08098512142896652,-0.01081016194075346
4340,0,7,0.5819045305252075,0.05209045112133026,-0.01628154329955578
4340,0,8,0.5654991865158081,0.03656808286905289,-0.020671378821134567
4340,0,9,0.6665895581245422,0.13248461484909058,-0.009665388613939285
4340,0,10,0.6046078205108643,0.07995975017547607,-0.01491034496575594
4340,0,11,0.5792244076728821,0.052907779812812805,-0.019026674330234528
4340,0,12,0.5613905787467957,0.03578421473503113,-0.023262150585651398
4340,0,13,0.6739445328712463,0.12376931309700012,-0.016513440757989883
4340,0,14,0.6147754788398743,0.07676536589860916,-0.020945681259036064
4340,0,15,0.5854858160018921,0.05382983386516571,-0.021568533033132553
4340,0,16,0.5643734931945801,0.039351217448711395,-0.02359567955136299
4340,0,17,0.6847840547561646,0.10556050390005112,-0.023596065118908882
4340,0,18,0.6409819722175598,0.07298138737678528,-0.02814403362572193
4340,0,19,0.6129004955291748,0.0489266961812973,-0.027196243405342102
4340,0,20,0.5903743505477905,0.029530063271522522,-0.026663895696401596
4350,0,0,0.7818393707275391,0.10916079580783844,-9.262168809698323e-10
4350,0,1,0.7460836172103882,0.04425758123397827,-0.029005518183112144
4350,0,2,0.6915853023529053,0.017013512551784515,-0.04215673357248306
4350,0,3,0.6330908536911011,0.014538787305355072,-0.049299921840429306
4350,0,4,0.5883515477180481,0.016908220946788788,-0.05140991881489754
4350,0,5,0.6724929809570312,0.10987444967031479,-0.040031395852565765
4350,0,6,0.5970630049705505,0.058370769023895264,-0.058332134038209915
4350,0,7,0.6165974736213684,0.028147120028734207,-0.06560923904180527
4350,0,8,0.641072690486908,0.02562544494867325,-0.06661774963140488
4350,0,9,0.6675200462341309,0.14363321661949158,-0.02795824594795704
4350,0,10,0.6033250093460083,0.08434382826089859,-0.03972082957625389
4350,0,11,0.6216200590133667,0.05596939101815224,-0.04052512347698212
4350,0,12,0.643531858921051,0.05731581151485443,-0.03994140401482582
4350,0,13,0.6652016639709473,0.15773311257362366,-0.01736331172287464
4350,0,14,0.6100954413414001,0.10161766409873962,-0.02398284152150154
4350,0,15,0.6267333626747131,0.07783488929271698,-0.01691683754324913
4350,0,16,0.6478784680366516,0.07733016461133957,-0.01175985299050808
4350,0,17,0.6630938649177551,0.1609012484550476,-0.009354190900921822
4350,0,18,0.6234206557273865,0.11479493230581284,-0.013154915533959866
4350,0,19,0.6347180008888245,0.09332633763551712,-0.00845134537667036
4350,0,20,0.6510211825370789,0.08948540687561035,-0.0037542323116213083
4360,0,0,0.8144596815109253,0.11967462301254272,1.4332706577135923e-08
4360,0,1,0.7842457294464111,0.060422319918870926,-0.027311036363244057
4360,0,2,0.7324051856994629,0.03324369341135025,-0.04136282950639725
4360,0,3,0.6768888235092163,0.029716182500123978,-0.049383100122213364
4360,0,4,0.6354503035545349,0.02857910469174385,-0.052846625447273254
4360,0,5,0.718117356300354,0.11886373162269592,-0.04332634061574936
4360,0,6,0.6432780027389526,0.0745076984167099,-0.06205091252923012
4360,0,7,0.6568343639373779,0.04274290055036545,-0.06865548342466354
4360,0,8,0.6796262860298157,0.034869126975536346,-0.06885222345590591
4360,0,9,0.7157491445541382,0.15770141780376434,-0.03197670727968216
4360,0,10,0.6496704816818237,0.10335259884595871,-0.0437142513692379
4360,0,11,0.662527322769165,0.07335397601127625,-0.04399817809462547
4360,0,12,0.6818435788154602,0.06948766112327576,-0.043317411094903946
4360,0,13,0.7147457003593445,0.17665374279022217,-0.021747156977653503
4360,0,14,0.6572588682174683,0.12196829915046692,-0.028307950124144554
4360,0,15,0.6708912253379822,0.09690713882446289,-0.021703295409679413
4360,0,16,0.690570592880249,0.09466220438480377,-0.01706848479807377
4360,0,17,0.7133802771568298,0.18250510096549988,-0.013648752123117447
4360,0,18,0.6703740358352661,0.13872461020946503,-0.016980139538645744
4360,0,19,0.6785253882408142,0.11456894874572754,-0.01229836791753769
4360,0,20,0.6940224766731262,0.10826462507247925,-0.007989179342985153
4370,0,0,0.8427321910858154,0.12066539376974106,-1.948514771754617e-08
4370,0,1,0.8184058666229248,0.06372083723545074,-0.0263062696903944
4370,0,2,0.772904098033905,0.035521022975444794,-0.041270654648542404
4370,0,3,0.7225112915039062,0.031180888414382935,-0.05108689144253731
4370,0,4,0.682795524597168,0.032449543476104736,-0.05672689154744148
4370,0,5,0.7544643878936768,0.11208774149417877,-0.0415567010641098
4370,0,6,0.6880075931549072,0.07461462914943695,-0.06257738918066025
4370,0,7,0.7025148272514343,0.04601133242249489,-0.07189234346151352
4370,0,8,0.7251121401786804,0.03936852142214775,-0.07406634092330933
4370,0,9,0.7524570226669312,0.1496732234954834,-0.03235529735684395
4370,0,10,0.6924569606781006,0.10369689017534256,-0.04628933593630791
4370,0,11,0.7044234871864319,0.0773884505033493,-0.048241134732961655
4370,0,12,0.7232958674430847,0.07493594288825989,-0.048781123012304306
4370,0,13,0.7519708275794983,0.17034371197223663,-0.024685390293598175
4370,0,14,0.6992623209953308,0.12476995587348938,-0.03353659436106682
4370,0,15,0.711189866065979,0.10363443195819855,-0.027747411280870438
4370,0,16,0.7292360067367554,0.10241086781024933,-0.023418596014380455
4370,0,17,0.7505698800086975,0.18070688843727112,-0.01901046186685562
4370,0,18,0.7077948451042175,0.14564700424671173,-0.023084932938218117
4370,0,19,0.7155620455741882,0.12536177039146423,-0.017867300659418106
4370,0,20,0.7314714193344116,0.12043110281229019,-0.01331283152103424
4380,0,0,0.8731099367141724,0.14586450159549713,1.1505183294957533e-07
4380,0,1,0.8605118989944458,0.09301568567752838,-0.032936081290245056
4380,0,2,0.818689227104187,0.06389977037906647,-0.05250191688537598
4380,0,3,0.7706539630889893,0.05287294089794159,-0.06427822262048721
4380,0,4,0.732065737247467,0.0516912080347538,-0.07198148965835571
4380,0,5,0.810065746307373,0.1386493444442749,-0.060765594244003296
4380,0,6,0.7402430176734924,0.10003739595413208,-0.08224999904632568
4380,0,7,0.7445686459541321,0.0701143741607666,-0.0884813666343689
4380,0,8,0.7622510194778442,0.0572371631860733,-0.08857490867376328
4380,0,9,0.80354905128479,0.17063409090042114,-0.04772185534238815
4380,0,10,0.7396884560585022,0.12164806574583054,-0.06284642219543457
4380,0,11,0.7468733787536621,0.09117823839187622,-0.06190156936645508
4380,0,12,0.7628737688064575,0.0828135758638382,-0.060935113579034805
4380,0,13,0.7969991564750671,0.1851206123828888,-0.035728130489587784
4380,0,14,0.7402794361114502,0.13470418751239777,-0.044884782284498215
4380,0,15,0.7505832314491272,0.11198819428682327,-0.03852654621005058
4380,0,16,0.7673439979553223,0.10780811309814453,-0.0346008762717247
4380,0,17,0.7903972268104553,0.18948820233345032,-0.025939159095287323
4380,0,18,0.7456089854240417,0.1479005515575409,-0.031589575111866
4380,0,19,0.7527744770050049,0.12639987468719482,-0.028932489454746246
4380,0,20,0.7678213119506836,0.11972731351852417,-0.026909776031970978
4410,0,0,0.8681880831718445,0.1814386248588562,1.8283627412074566e-07
4410,0,1,0.8427232503890991,0.11392691731452942,-0.025575369596481323
4410,0,2,0.7895501255989075,0.07753939926624298,-0.03874993324279785
4410,0,3,0.7349135279655457,0.06731778383255005,-0.04609840363264084
4410,0,4,0.6912584900856018,0.06734149158000946,-0.049370329827070236
4410,0,5,0.7795459628105164,0.1600179821252823,-0.04771697521209717
4410,0,6,0.7057340741157532,0.11567279696464539,-0.06847523152828217
4410,0,7,0.7193942666053772,0.08637996017932892,-0.07494841516017914
4410,0,8,0.7402350902557373,0.08276788890361786,-0.07407082617282867
4410,0,9,0.7739494442939758,0.20077136158943176,-0.03784393146634102
4410,0,10,0.7063288688659668,0.14353905618190765,-0.05284113809466362
4410,0,11,0.7209300398826599,0.11362092941999435,-0.05404571443796158
4410,0,12,0.7419192790985107,0.11795254796743393,-0.05305489897727966
4410,0,13,0.7705982327461243,0.22391819953918457,-0.02864392101764679
4410,0,14,0.7125729322433472,0.16487783193588257,-0.03670014813542366
4410,0,15,0.7279821634292603,0.1405128389596939,-0.029480405151844025
4410,0,16,0.7476502060890198,0.14674246311187744,-0.023449720814824104
4410,0,17,0.7677760124206543,0.23320426046848297,-0.021408751606941223
4410,0,18,0.7211827635765076,0.18459166586399078,-0.02599513716995716
4410,0,19,0.7316015362739563,0.162815123796463,-0.020918820053339005
4410,0,20,0.7486481070518494,0.16898027062416077,-0.016054436564445496
4420,0,0,0.8657218217849731,0.16939926147460938,1.3399544229741878e-07
4420,0,1,0.8418070673942566,0.1100289523601532,-0.03380192443728447
4420,0,2,0.7931427955627441,0.07850199192762375,-0.051541466265916824
4420,0,3,0.7384359240531921,0.07070759683847427,-0.0617595799267292
4420,0,4,0.6940317153930664,0.07588610053062439,-0.06710298359394073
4420,0,5,0.7860420942306519,0.1669386923313141,-0.0572231188416481
4420,0,6,0.7156029343605042,0.12122413516044617,-0.07935197651386261
4420,0,7,0.724183201789856,0.0921548381447792,-0.08572550863027573
4420,0,8,0.7406037449836731,0.08808475732803345,-0.08566563576459885
4420,0,9,0.7825101613998413,0.20250204205513,-0.04486744850873947
4420,0,10,0.7176082730293274,0.14487606287002563,-0.06291477382183075
4420,0,11,0.7286340594291687,0.11872358620166779,-0.06447114050388336
4420,0,12,0.745776355266571,0.12220513820648193,-0.06371327489614487
4420,0,13,0.7779737114906311,0.2198069840669632,-0.033556949347257614
4420,0,14,0.721463680267334,0.16363130509853363,-0.045059990137815475
4420,0,15,0.7338203191757202,0.14355677366256714,-0.03761884942650795
4420,0,16,0.750411331653595,0.1479514092206955,-0.03159935772418976
4420,0,17,0.7725459933280945,0.22703196108341217,-0.024888895452022552
4420,0,18,0.7293472290039062,0.1798655390739441,-0.032220952212810516
4420,0,19,0.7396537661552429,0.16039256751537323,-0.0278814397752285
4420,0,20,0.7556487321853638,0.1618526726961136,-0.023421084508299828
4430,0,0,0.8716445565223694,0.1401870846748352,1.532779805302198e-07
4430,0,1,0.8480809926986694,0.0961725264787674,-0.030042720958590508
4430,0,2,0.801037609577179,0.0716317892074585,-0.04691972956061363
4430,0,3,0.7520977258682251,0.06678373366594315,-0.05716899782419205
4430,0,4,0.713365912437439,0.07263923436403275,-0.06357643753290176
4430,0,5,0.7969143390655518,0.1476944386959076,-0.052160412073135376
4430,0,6,0.733250081539154,0.11713658273220062,-0.07239025831222534
4430,0,7,0.7353835105895996,0.09074034541845322,-0.07853038609027863
4430,0,8,0.7470448613166809,0.08088359236717224,-0.07899904251098633
4430,0,9,0.7964071035385132,0.18234476447105408,-0.04122760519385338
4430,0,10,0.7370002865791321,0.1412605494260788,-0.05756109952926636
4430,0,11,0.7407362461090088,0.11611297726631165,-0.05899275094270706
4430,0,12,0.7521654367446899,0.11255179345607758,-0.05876609683036804
4430,0,13,0.7937997579574585,0.20264074206352234,-0.03130514919757843
4430,0,14,0.7411332726478577,0.16000227630138397,-0.0431961715221405
4430,0,15,0.7490559220314026,0.13945665955543518,-0.037655461579561234
4430,0,16,0.7621444463729858,0.13702461123466492,-0.032760217785835266
4430,0,17,0.7891919612884521,0.21355614066123962,-0.023385977372527122
4430,0,18,0.7461473941802979,0.17956510186195374,-0.031016750261187553
4430,0,19,0.7523044347763062,0.15964846312999725,-0.027539486065506935
4430,0,20,0.7654573917388916,0.15458597242832184,-0.02364354208111763
4440,0,0,0.8742067217826843,0.15508002042770386,3.438223927787476e-07
4440,0,1,0.8521985411643982,0.10716629028320312,-0.031006529927253723
4440,0,2,0.8054062724113464,0.08015109598636627,-0.04672767221927643
4440,0,3,0.7567653656005859,0.0761614739894867,-0.055136971175670624
4440,0,4,0.7187369465827942,0.08177165687084198,-0.06097730994224548
4440,0,5,0.8061642646789551,0.157156839966774,-0.05395962670445442
4440,0,6,0.7451662421226501,0.13535265624523163,-0.07064134627580643
4440,0,7,0.7280693054199219,0.10999995470046997,-0.075395867228508
4440,0,8,0.7231361269950867,0.09303106367588043,-0.07597211748361588
4440,0,9,0.8049246072769165,0.18944594264030457,-0.04170224815607071
4440,0,10,0.7490033507347107,0.15780189633369446,-0.054959606379270554
4440,0,11,0.7345227003097534,0.1309211254119873,-0.056159306317567825
4440,0,12,0.73012375831604,0.11686382442712784,-0.05684349685907364
4440,0,13,0.8011589050292969,0.20664939284324646,-0.03001757711172104
4440,0,14,0.7519745826721191,0.17173270881175995,-0.04094215855002403
4440,0,15,0.7428529858589172,0.14619967341423035,-0.03917182236909866
4440,0,16,0.7405527830123901,0.13117872178554535,-0.037486493587493896
4440,0,17,0.7965763211250305,0.2152666449546814,-0.02030303329229355
4440,0,18,0.7557213306427002,0.18678271770477295,-0.029198691248893738
4440,0,19,0.746457576751709,0.16274231672286987,-0.029021482914686203
4440,0,20,0.7451839447021484,0.14673401415348053,-0.027483461424708366
4450,0,0,0.8692639470100403,0.1625712513923645,4.553259032036294e-07
4450,0,1,0.8510185480117798,0.11438250541687012,-0.03344600647687912
4450,0,2,0.804722249507904,0.08566664159297943,-0.049630437046289444
4450,0,3,0.755727231502533,0.08263939619064331,-0.057703811675310135
4450,0,4,0.7179445028305054,0.08695632219314575,-0.06368466466665268
4450,0,5,0.8085184097290039,0.16682937741279602,-0.05848979577422142
4450,0,6,0.7509758472442627,0.1401229351758957,-0.07642844319343567
4450,0,7,0.7266270518302917,0.11516041308641434,-0.08226040005683899
4450,0,8,0.7134875059127808,0.09666235744953156,-0.08389721810817719
4450,0,9,0.8043855428695679,0.20127809047698975,-0.04534506797790527
4450,0,10,0.7512667775154114,0.16465981304645538,-0.060509093105793
4450,0,11,0.7317897081375122,0.13599449396133423,-0.06191348284482956
4450,0,12,0.7216126918792725,0.11786594241857529,-0.06256499886512756
4450,0,13,0.7981666326522827,0.21810013055801392,-0.03278938680887222
4450,0,14,0.7512228488922119,0.17961862683296204,-0.045494381338357925
4450,0,15,0.737036406993866,0.15279345214366913,-0.044230714440345764
4450,0,16,0.7289474010467529,0.13468721508979797,-0.042836304754018784
4450,0,17,0.7919500470161438,0.2250232696533203,-0.022403135895729065
4450,0,18,0.7534676790237427,0.19237084686756134,-0.03344259038567543
4450,0,19,0.7405588030815125,0.16766880452632904,-0.03435792773962021
4450,0,20,0.7342450618743896,0.14998237788677216,-0.0334039032459259
4460,0,0,0.8669912219047546,0.14975972473621368,4.3532696736292564e-07
4460,0,1,0.8455949425697327,0.10586438328027725,-0.02667596936225891
4460,0,2,0.8017037510871887,0.07864769548177719,-0.04072175174951553
4460,0,3,0.7576204538345337,0.07111366838216782,-0.04836821183562279
4460,0,4,0.7235943078994751,0.07099936157464981,-0.054285045713186264
4460,0,5,0.7995415329933167,0.1458534598350525,-0.04880920797586441
4460,0,6,0.7469408512115479,0.12294227629899979,-0.0657607913017273
4460,0,7,0.7189874053001404,0.1014573723077774,-0.07293837517499924
4460,0,8,0.7014078497886658,0.08301650732755661,-0.07610287517309189
4460,0,9,0.79582279920578,0.17797425389289856,-0.03915505111217499
4460,0,10,0.7468501925468445,0.14636583626270294,-0.05317234620451927
4460,0,11,0.722544252872467,0.12052199989557266,-0.05483684688806534
4460,0,12,0.7070909738540649,0.10038773715496063,-0.055687934160232544
4460,0,13,0.7912439703941345,0.19592943787574768,-0.030072670429944992
4460,0,14,0.7480014562606812,0.16142331063747406,-0.040961384773254395
4460,0,15,0.7301128506660461,0.13592049479484558,-0.03925757855176926
4460,0,16,0.7189237475395203,0.11502416431903839,-0.037747904658317566
4460,0,17,0.7878164052963257,0.20401239395141602,-0.023001374676823616
4460,0,18,0.7533094882965088,0.1723284125328064,-0.03230193257331848
4460,0,19,0.7376816868782043,0.14895229041576385,-0.03269295021891594
4460,0,20,0.7278801798820496,0.12978054583072662,-0.031592957675457
4470,0,0,0.8446528315544128,0.13971048593521118,4.880043888988439e-07
4470,0,1,0.8247584104537964,0.09184932708740234,-0.026435747742652893
4470,0,2,0.7817831039428711,0.06104612350463867,-0.03911781311035156
4470,0,3,0.7369589805603027,0.05354306846857071,-0.044998105615377426
4470,0,4,0.705388069152832,0.05877251178026199,-0.04924723878502846
4470,0,5,0.780840277671814,0.13282766938209534,-0.04962250962853432
4470,0,6,0.7310441732406616,0.10723424702882767,-0.0641154944896698
4470,0,7,0.7019021511077881,0.09026727080345154,-0.06907998025417328
4470,0,8,0.6807355880737305,0.07635119557380676,-0.07102057337760925
4470,0,9,0.7738069891929626,0.16679486632347107,-0.03945445641875267
4470,0,10,0.7284058332443237,0.12761233747005463,-0.051199138164520264
4470,0,11,0.7038787603378296,0.10374263674020767,-0.051976993680000305
4470,0,12,0.6874383687973022,0.08492940664291382,-0.05250174179673195
4470,0,13,0.7672539353370667,0.18390849232673645,-0.02935894951224327
4470,0,14,0.7273870706558228,0.14090634882450104,-0.03841628134250641
4470,0,15,0.7095707654953003,0.11711309105157852,-0.03705495968461037
4470,0,16,0.6980366706848145,0.09742502868175507,-0.03613659366965294
4470,0,17,0.7627123594284058,0.1901967078447342,-0.02120758220553398
4470,0,18,0.7315686345100403,0.1522034853696823,-0.029414916411042213
4470,0,19,0.7169159650802612,0.12901373207569122,-0.03009275533258915
4470,0,20,0.7077485918998718,0.1101430356502533,-0.029346929863095284
4480,0,0,0.8457460403442383,0.13724319636821747,4.4431442347558914e-07
4480,0,1,0.8273126482963562,0.09538473188877106,-0.026031548157334328
4480,0,2,0.7862013578414917,0.06984654814004898,-0.038929976522922516
4480,0,3,0.7431911826133728,0.06323820352554321,-0.0451446995139122
4480,0,4,0.7110289335250854,0.06606687605381012,-0.04960352182388306
4480,0,5,0.7865511775016785,0.12636412680149078,-0.04869646206498146
4480,0,6,0.7348935008049011,0.10741782188415527,-0.06349661201238632
4480,0,7,0.706865131855011,0.09195291996002197,-0.06788583844900131
4480,0,8,0.6895620822906494,0.07900050282478333,-0.06869260966777802
4480,0,9,0.783022940158844,0.15746049582958221,-0.03830164670944214
4480,0,10,0.7348870038986206,0.1281757950782776,-0.050668612122535706
4480,0,11,0.7095325589179993,0.10724617540836334,-0.05082513391971588
4480,0,12,0.6936250329017639,0.0897909477353096,-0.05018358677625656
4480,0,13,0.7782211899757385,0.1756337732076645,-0.028240030631422997
4480,0,14,0.7363125681877136,0.14228659868240356,-0.03751174360513687
4480,0,15,0.7159026265144348,0.12205788493156433,-0.035357821732759476
4480,0,16,0.7014637589454651,0.1049313098192215,-0.03334673121571541
4480,0,17,0.7742192149162292,0.18449969589710236,-0.01996619626879692
4480,0,18,0.740506649017334,0.15521812438964844,-0.02744978852570057
4480,0,19,0.7229443788528442,0.1353539079427719,-0.027261773124337196
4480,0,20,0.7107279300689697,0.11826419830322266,-0.025816813111305237
4490,0,0,0.8394580483436584,0.1566329300403595,1.9803772488558025e-07
4490,0,1,0.8207287788391113,0.09799584746360779,-0.026102526113390923
4490,0,2,0.7734503746032715,0.06680555641651154,-0.038921721279621124
4490,0,3,0.7203267812728882,0.06228547915816307,-0.046240463852882385
4490,0,4,0.6776803731918335,0.06418411433696747,-0.04971545562148094
4490,0,5,0.7641080617904663,0.14621852338314056,-0.04434217885136604
4490,0,6,0.696343719959259,0.11006591469049454,-0.06394699960947037
4490,0,7,0.7044394612312317,0.0848478376865387,-0.07021511346101761
4490,0,8,0.721418559551239,0.08201505243778229,-0.06963840126991272
4490,0,9,0.7598124742507935,0.18402154743671417,-0.03444414585828781
4490,0,10,0.6974909901618958,0.135018989443779,-0.04924667626619339
4490,0,11,0.7065086960792542,0.1089363545179367,-0.05091223865747452
4490,0,12,0.7231369018554688,0.11165942251682281,-0.05017663910984993
4490,0,13,0.7565611004829407,0.20357176661491394,-0.025472985580563545
4490,0,14,0.7033266425132751,0.15140050649642944,-0.034798603504896164
4490,0,15,0.7135353088378906,0.12991926074028015,-0.02888360805809498
4490,0,16,0.7287552952766418,0.13477247953414917,-0.023504113778471947
4490,0,17,0.7522242069244385,0.2101757675409317,-0.0185184795409441
4490,0,18,0.7109369039535522,0.16549354791641235,-0.024401921778917313
4490,0,19,0.718481183052063,0.14595507085323334,-0.0205299723893404
4490,0,20,0.7323949337005615,0.1504020392894745,-0.01633383519947529
4490,1,0,0.8392027616500854,0.14480271935462952,5.214238854023279e-07
4490,1,1,0.8250610828399658,0.10003659129142761,-0.027867037802934647
4490,1,2,0.7857861518859863,0.07345178723335266,-0.04071083664894104
4490,1,3,0.7420955896377563,0.06755467504262924,-0.046681322157382965
4490,1,4,0.7092234492301941,0.07053244113922119,-0.050845079123973846
4490,1,5,0.7826091051101685,0.1396201103925705,-0.047101035714149475
4490,1,6,0.7328855991363525,0.11800685524940491,-0.06308478116989136
4490,1,7,0.7020965814590454,0.10034817457199097,-0.06923311203718185
4490,1,8,0.6813046336174011,0.08515144884586334,-0.07124098390340805
4490,1,9,0.7773340344429016,0.1735338568687439,-0.03604070097208023
4490,1,10,0.7302253842353821,0.14214318990707397,-0.04928441345691681
4490,1,11,0.7031095027923584,0.11867361515760422,-0.05084916576743126
4490,1,12,0.6849516034126282,0.0980825275182724,-0.0508837066590786
4490,1,13,0.7712805271148682,0.191395103931427,-0.025604287162423134
4490,1,14,0.7304328680038452,0.15780393779277802,-0.03574790433049202
4490,1,15,0.7089212536811829,0.13582120835781097,-0.034674618393182755
4490,1,16,0.6941100358963013,0.11704433709383011,-0.03297114372253418
4490,1,17,0.7660166025161743,0.19871342182159424,-0.017228683456778526
4490,1,18,0.7327387928962708,0.1707342267036438,-0.02597462572157383
4490,1,19,0.7149868011474609,0.15087342262268066,-0.026687894016504288
4490,1,20,0.7028549313545227,0.1342594474554062,-0.02539047785103321
4500,0,0,0.837794303894043,0.15921194851398468,5.387075248108886e-07
4500,0,1,0.8186867833137512,0.11095529049634933,-0.029079722240567207
4500,0,2,0.7731611728668213,0.08544205129146576,-0.0427151583135128
4500,0,3,0.7278100252151489,0.0818481594324112,-0.04946639761328697
4500,0,4,0.6923110485076904,0.08316414058208466,-0.05464208871126175
4500,0,5,0.7735757827758789,0.148686483502388,-0.04630988836288452
4500,0,6,0.7276909947395325,0.13340798020362854,-0.06298466771841049
4500,0,7,0.6955358386039734,0.11798766255378723,-0.0700611025094986
4500,0,8,0.6744672656059265,0.10269452631473541,-0.07253468781709671
4500,0,9,0.7718420028686523,0.18289333581924438,-0.035193491727113724
4500,0,10,0.7272313833236694,0.15834450721740723,-0.05007017403841019
4500,0,11,0.6977308988571167,0.1376952826976776,-0.05289357900619507
4500,0,12,0.6774277687072754,0.11796603351831436,-0.0533871054649353
4500,0,13,0.7682819366455078,0.2021235078573227,-0.02497345767915249
4500,0,14,0.7282195687294006,0.1734020709991455,-0.03702149912714958
4500,0,15,0.7037619352340698,0.15288637578487396,-0.03624375909566879
4500,0,16,0.6858422756195068,0.13447193801403046,-0.034117888659238815
4500,0,17,0.7656927108764648,0.21123738586902618,-0.016830649226903915
4500,0,18,0.7314164042472839,0.1841694563627243,-0.0260545015335083
4500,0,19,0.7112454771995544,0.1647649109363556,-0.026129579171538353
4500,0,20,0.6968660354614258,0.14756964147090912,-0.024131903424859047
4510,0,0,0.8347058296203613,0.1757420301437378,3.3967211265917285e-07
4510,0,1,0.8085970878601074,0.11269424855709076,-0.035220544785261154
4510,0,2,0.7590034604072571,0.08400968462228775,-0.050916094332933426
4510,0,3,0.7042659521102905,0.0833495631814003,-0.058757223188877106
4510,0,4,0.6589191555976868,0.08634277433156967,-0.06198173016309738
4510,0,5,0.7501651644706726,0.18204745650291443,-0.053236864507198334
4510,0,6,0.6758037805557251,0.1390608847141266,-0.07211121916770935
4510,0,7,0.6701555252075195,0.10430930554866791,-0.07668270915746689
4510,0,8,0.6760402917861938,0.08777101337909698,-0.07599013298749924
4510,0,9,0.7455523610115051,0.21964006125926971,-0.03868597373366356
4510,0,10,0.6781457662582397,0.16169610619544983,-0.05530645698308945
4510,0,11,0.6825796961784363,0.1300065517425537,-0.05639299377799034
4510,0,12,0.6960365772247314,0.12383424490690231,-0.055128030478954315
4510,0,13,0.7409376502037048,0.23519179224967957,-0.025258364155888557
4510,0,14,0.6824460029602051,0.17539696395397186,-0.03631193935871124
4510,0,15,0.6907253265380859,0.15045377612113953,-0.02961648814380169
4510,0,16,0.7061491012573242,0.14739274978637695,-0.023604203015565872
4510,0,17,0.7347171306610107,0.23714427649974823,-0.014713437296450138
4510,0,18,0.6901246309280396,0.18793967366218567,-0.022772908210754395
4510,0,19,0.697239100933075,0.16536301374435425,-0.0198577381670475
4510,0,20,0.7118971943855286,0.16202928125858307,-0.015824873000383377
4510,1,0,0.8318033814430237,0.16918541491031647,6.039566642357386e-07
4510,1,1,0.8135004639625549,0.12233591824769974,-0.03518231213092804
4510,1,2,0.771600604057312,0.09789223968982697,-0.0525188222527504
4510,1,3,0.7285557389259338,0.09430905431509018,-0.06120206415653229
4510,1,4,0.6941769123077393,0.09707928448915482,-0.0680721327662468
4510,1,5,0.7674489617347717,0.1678137183189392,-0.05892366170883179
4510,1,6,0.7206738591194153,0.14383269846439362,-0.08045755326747894
4510,1,7,0.6863274574279785,0.12520761787891388,-0.09119748324155807
4510,1,8,0.6621583700180054,0.10840855538845062,-0.09602200984954834
4510,1,9,0.7652115821838379,0.19940824806690216,-0.04535641521215439
4510,1,10,0.7185834646224976,0.1659996062517166,-0.06476631760597229
4510,1,11,0.6881415843963623,0.14135557413101196,-0.06987044215202332
4510,1,12,0.6667940020561218,0.1196572408080101,-0.07179539650678635
4510,1,13,0.7611925601959229,0.21513131260871887,-0.03261423110961914
4510,1,14,0.7200217843055725,0.17855030298233032,-0.04859605059027672
4510,1,15,0.6958862543106079,0.15583977103233337,-0.04918084293603897
4510,1,16,0.6782965660095215,0.13700304925441742,-0.04769759997725487
4510,1,17,0.7579134106636047,0.22051700949668884,-0.02220907062292099
4510,1,18,0.7231629490852356,0.18864788115024567,-0.03457343578338623
4510,1,19,0.7052311301231384,0.1687108874320984,-0.035786330699920654
4510,1,20,0.6923776865005493,0.1527511179447174,-0.03442254662513733
4520,0,0,0.828391432762146,0.164596825838089,5.282275878926157e-07
4520,0,1,0.8088371753692627,0.11767995357513428,-0.03026454709470272
4520,0,2,0.7635861039161682,0.09249880909919739,-0.04529312625527382
4520,0,3,0.7184351682662964,0.08657975494861603,-0.05305381864309311
4520,0,4,0.683340847492218,0.08071707934141159,-0.05950002744793892
4520,0,5,0.7655433416366577,0.149978369474411,-0.052510734647512436
4520,0,6,0.7164325714111328,0.13022403419017792,-0.07255218923091888
4520,0,7,0.6830518245697021,0.11231300234794617,-0.08263801038265228
4520,0,8,0.6593085527420044,0.09532462060451508,-0.08721540123224258
4520,0,9,0.7631064057350159,0.18417127430438995,-0.04108867049217224
4520,0,10,0.715447723865509,0.15909241139888763,-0.05835147202014923
4520,0,11,0.6839027404785156,0.1377401351928711,-0.062398090958595276
4520,0,12,0.6604340672492981,0.11663005501031876,-0.06382632255554199
4520,0,13,0.7587719559669495,0.20509520173072815,-0.03039238601922989
4520,0,14,0.716553807258606,0.17941373586654663,-0.04394546523690224
4520,0,15,0.6899811029434204,0.157729834318161,-0.04372977465391159
4520,0,16,0.670242190361023,0.1370149701833725,-0.041957788169384
4520,0,17,0.7552975416183472,0.2172672152519226,-0.02183184213936329
4520,0,18,0.7191286087036133,0.1958785504102707,-0.03244112432003021
4520,0,19,0.6983080506324768,0.17696388065814972,-0.03300308436155319
4520,0,20,0.6830385327339172,0.15942664444446564,-0.03138653188943863
4710,0,0,0.8305879235267639,0.24473129212856293,4.2917122300423216e-07
4710,0,1,0.8104106783866882,0.1971496343612671,-0.03739422187209129
4710,0,2,0.7648412585258484,0.16432112455368042,-0.05302194505929947
4710,0,3,0.7180948257446289,0.13622057437896729,-0.0595095120370388
4710,0,4,0.6805331110954285,0.11092659831047058,-0.06320971250534058
4710,0,5,0.7337768077850342,0.25486063957214355,-0.04783512279391289
4710,0,6,0.684678852558136,0.19522175192832947,-0.06260105222463608
4710,0,7,0.6750344038009644,0.15188606083393097,-0.06962864100933075
4710,0,8,0.6759846806526184,0.12090776860713959,-0.07168498635292053
4710,0,9,0.7238747477531433,0.27808433771133423,-0.031105974689126015
4710,0,10,0.6626355648040771,0.23691892623901367,-0.04478849843144417
4710,0,11,0.6415601968765259,0.19500526785850525,-0.049227043986320496
4710,0,12,0.6351096034049988,0.15929833054542542,-0.050256311893463135
4710,0,13,0.721441924571991,0.28439661860466003,-0.015740208327770233
4710,0,14,0.6664237976074219,0.2510714828968048,-0.027220984920859337
4710,0,15,0.6492031812667847,0.2147950679063797,-0.030997857451438904
4710,0,16,0.6424441933631897,0.18164822459220886,-0.03190440312027931
4710,0,17,0.7218482494354248,0.2788757085800171,-0.002811386017128825
4710,0,18,0.683086633682251,0.2557026147842407,-0.011581799015402794
4710,0,19,0.669397234916687,0.22824469208717346,-0.013228761032223701
4710,0,20,0.6635389924049377,0.20019589364528656,-0.01247146725654602
4720,0,0,0.8163846731185913,0.3072631359100342,1.9922056537780009e-07
4720,0,1,0.8088503479957581,0.3127685487270355,-0.04714050516486168
4720,0,2,0.7833045125007629,0.3457763195037842,-0.06824271380901337
4720,0,3,0.7484243512153625,0.3807607889175415,-0.0819573923945427
4720,0,4,0.716558575630188,0.4150888919830322,-0.09197523444890976
4720,0,5,0.7792099118232727,0.44773760437965393,-0.03900804743170738
4720,0,6,0.7329186797142029,0.4984952211380005,-0.06157020851969719
4720,0,7,0.705331563949585,0.4831189215183258,-0.07801859825849533
4720,0,8,0.6968367099761963,0.4518072307109833,-0.08555693924427032
4720,0,9,0.7664855718612671,0.44780662655830383,-0.020231442525982857
4720,0,10,0.7246122360229492,0.49433016777038574,-0.03730561211705208
4720,0,11,0.6988314986228943,0.4789935350418091,-0.051611144095659256
4720,0,12,0.6889907717704773,0.4538370370864868,-0.06035598739981651
4720,0,13,0.7522742748260498,0.44010671973228455,-0.006008122116327286
4720,0,14,0.7167354822158813,0.4827330708503723,-0.020395059138536453
4720,0,15,0.6955304145812988,0.472165048122406,-0.030913883820176125
4720,0,16,0.6872774958610535,0.45127299427986145,-0.0367417186498642
4720,0,17,0.7405771613121033,0.42993175983428955,0.004470922518521547
4720,0,18,0.7138966917991638,0.4699973464012146,-0.006597822066396475
4720,0,19,0.6955611705780029,0.4650096297264099,-0.013558735139667988
4720,0,20,0.6889976263046265,0.44734591245651245,-0.016917532309889793
4730,0,0,0.9343471527099609,0.22415322065353394,4.2539349465187115e-07
4730,0,1,0.9125057458877563,0.2022724449634552,-0.03401956707239151
4730,0,2,0.8761540055274963,0.20576032996177673,-0.04984276369214058
4730,0,3,0.8433130383491516,0.21091270446777344,-0.05991285294294357
4730,0,4,0.8183689713478088,0.21747061610221863,-0.06759072095155716
4730,0,5,0.9065523147583008,0.3070376217365265,-0.037297241389751434
4730,0,6,0.8814790844917297,0.35762274265289307,-0.053768791258335114
4730,0,7,0.8513453602790833,0.36819663643836975,-0.06420712172985077
4730,0,8,0.8286420702934265,0.3610779047012329,-0.06865731626749039
4730,0,9,0.9112022519111633,0.32564255595207214,-0.024003764614462852
4730,0,10,0.8817376494407654,0.36924389004707336,-0.03803733363747597
4730,0,11,0.849453330039978,0.3688337206840515,-0.04539468139410019
4730,0,12,0.8272648453712463,0.35069793462753296,-0.04829370975494385
4730,0,13,0.9116973876953125,0.33465784788131714,-0.013035984709858894
4730,0,14,0.882196843624115,0.37289345264434814,-0.02494977042078972
4730,0,15,0.8538740873336792,0.3705783486366272,-0.03034066967666149
4730,0,16,0.834062933921814,0.356404572725296,-0.03132014349102974
4730,0,17,0.9109929203987122,0.3383616507053375,-0.004703518468886614
4730,0,18,0.8844156265258789,0.36891984939575195,-0.014640305191278458
4730,0,19,0.8609567284584045,0.37026891112327576,-0.018953191116452217
4730,0,20,0.8432226777076721,0.3604072034358978,-0.019310927018523216
4940,0,0,0.7548262476921082,-0.019288241863250732,-4.2994989257749694e-07
4940,0,1,0.8510334491729736,0.02377466857433319,-0.027189744636416435
4940,0,2,0.8995169401168823,0.11168025434017181,-0.026443270966410637
4940,0,3,0.9017728567123413,0.19448456168174744,-0.013642221689224243
4940,0,4,0.8875722885131836,0.24371935427188873,0.005745949689298868
4940,0,5,0.8086568713188171,0.23032599687576294,-0.04393118619918823
4940,0,6,0.8526164293289185,0.3753620982170105,-0.0408252514898777
4940,0,7,0.899346113204956,0.3747084438800812,-0.02753201685845852
4940,0,8,0.9169731140136719,0.3315620720386505,-0.01307807955890894
4940,0,9,0.7658636569976807,0.23280411958694458,-0.019291821867227554
4940,0,10,0.8184887766838074,0.32262489199638367,-0.005654978100210428
4940,0,11,0.8553918600082397,0.29843202233314514,0.009571750648319721
4940,0,12,0.8641185760498047,0.25786828994750977,0.01862478442490101
4940,0,13,0.7395060658454895,0.2203076034784317,0.005558718461543322
4940,0,14,0.801997184753418,0.27394482493400574,0.019874505698680878
4940,0,15,0.8316901326179504,0.2515428960323334,0.025619586929678917
4940,0,16,0.840036153793335,0.21687926352024078,0.026994040235877037
4940,0,17,0.7242685556411743,0.20693553984165192,0.029798448085784912
4940,0,18,0.776724100112915,0.2575031518936157,0.04183388873934746
4940,0,19,0.8012622594833374,0.24577444791793823,0.05003713071346283
4940,0,20,0.8068585395812988,0.21480324864387512,0.056636564433574677
